filename,artist,genre,description,info,artwork_name,year
Synthetic_Cubism/ad-reinhardt_newsprint-collage-1940.jpg,ad_reinhardt,Synthetic_Cubism,newsprint-collage-1940,"Ad Reinhardt's *Collage* (1940) exemplifies Synthetic Cubism through its geometric fragmentation and layered newsprint elements. This monochromatic composition integrates abstract forms with collaged materials, reflecting Reinhardt's early experimentation before transitioning to minimalist ""black paintings."" The work bridges Cubist deconstruction and his later pursuit of pure abstraction.",newsprint_collage,1940
Synthetic_Cubism/georges-braque_aria-de-bach-1913.jpg,georges_braque,Synthetic_Cubism,aria-de-bach-1913,"Georges Braque's ""Aria-de-Bach-1913"" exemplifies Synthetic Cubism through fragmented geometric planes and collaged textures. Integrating musical motifs with layered paper elements, it reinterprets Bach's compositions into rhythmic visual harmony. Braque's signature earth-toned palette contrasts with tactile sand-infused surfaces, while overlapping angles evoke multidimensional perspectives. This work bridges auditory and visual abstraction, distilling Baroque complexity into cubist fragmentation.",aria_de_bach,1913
Synthetic_Cubism/georges-braque_bottle-1914.jpg,georges_braque,Synthetic_Cubism,bottle-1914,"Georges Braque's *Bottle* (1914) exemplifies Synthetic Cubism with fragmented geometric planes and layered textures. Integrating sand, collaged elements, and simulated woodgrains, it reimagines form through multiple perspectives while maintaining compositional balance. This work reflects Braque's innovative material experimentation during his pivotal collaboration with Picasso, bridging analytical rigor with decorative abstraction.",bottle,1914
Synthetic_Cubism/georges-braque_checkerboard-tivoli-cinema-1913.jpg,georges_braque,Synthetic_Cubism,checkerboard-tivoli-cinema-1913,"Georges Braque's *Checkerboard-Tivoli-Cinema-1913* (1913) exemplifies Synthetic Cubism, blending fragmented geometric planes with collage elements. The work features a dynamic interplay of checkerboard patterns and layered textures, evoking urban modernity. Braque's restrained palette and overlapping forms dissolve traditional perspective, emphasizing abstract harmony over representational fidelity-a hallmark of his collaborative innovations with Picasso in this genre.",checkerboard_tivoli_cinema,1913
Synthetic_Cubism/georges-braque_guitar-and-sheet-music-on-table-1918.jpg,georges_braque,Synthetic_Cubism,guitar-and-sheet-music-on-table-1918,"Georges Braque's *Guitar and Sheet Music on Table* (1918) epitomizes Synthetic Cubism's layered abstraction. Fragmented planes intersect with collaged paper and textured brushstrokes, dissolving boundaries between objects and space. The guitar, sheet music, and table merge into a dynamic interplay of geometric forms and muted tones, reflecting Braque's mastery in redefining reality through multifaceted perspectives and material experimentation.",guitar_and_sheet_music_on_table,1918
Synthetic_Cubism/georges-braque_newspaper-bottle-packet-of-tobacco-1914.jpg,georges_braque,Synthetic_Cubism,newspaper-bottle-packet-of-tobacco-1914,"Georges Braque's 1914 Synthetic Cubism work combines fragmented newspaper clippings, a bottle, and tobacco packet into a unified composition. Through layered textures and geometric interplay, it reimagines mundane objects as multidimensional planes, dissolving traditional perspective boundaries. Collage elements bridge art and reality, exemplifying Braque's revolutionary approach to spatial deconstruction in modern aesthetics.",newspaper_bottle_packet_of_tobacco,1914
Synthetic_Cubism/georges-braque_still-life-with-ace-of-hearts-1914.jpg,georges_braque,Synthetic_Cubism,still-life-with-ace-of-hearts-1914,"Georges Braque's ""Still Life with Ace of Hearts"" (1914) epitomizes Synthetic Cubism through fragmented geometric planes and collaged elements. The work deconstructs objects into overlapping facets, integrating the titular playing card as a dynamic compositional anchor. Braque's muted ochre and gray palette contrasts with textured surfaces, exemplifying his pioneering use of mixed media to challenge traditional perspective.",still_life_with_ace_of_hearts,1914
Synthetic_Cubism/georges-braque_still-life-with-grapes-ii-1918.jpg,georges_braque,Synthetic_Cubism,still-life-with-grapes-ii-1918,"Georges Braque's *Still Life with Grapes II* (1918) exemplifies Synthetic Cubism's layered complexity. Fragmented planes and textured surfaces interweave to depict grapes, merging multiple perspectives into a unified composition. Braque's use of muted tones and geometric abstraction redefines still-life tradition, reflecting his pioneering role in reshaping modern art through fragmented reality and material experimentation.",still_life_with_grapes_ii,1918
Synthetic_Cubism/georges-braque_the-clarinet-tenora-1913.jpg,georges_braque,Synthetic_Cubism,the-clarinet-tenora-1913,"Georges Braque's *The Clarinet and Tenora, 1913* exemplifies Synthetic Cubism with its fragmented geometric forms and layered textures. Incorporating collage elements like woodgrain patterns and sand-infused pigments, Braque deconstructs musical instruments into overlapping planes, balancing abstraction with subtle realism. This work reflects his pioneering use of mixed media to redefine spatial depth and materiality, bridging artistic experimentation and perceptual innovation.",the_clarinet_tenora,1913
Synthetic_Cubism/georges-braque_woman-with-a-guitar-1913.jpg,georges_braque,Synthetic_Cubism,woman-with-a-guitar-1913,"Georges Braque's ""Woman with a Guitar"" (1913) epitomizes Synthetic Cubism, blending geometric fragmentation with multi-perspective analysis. Co-founder of the movement, Braque integrated mixed materials like newspaper clippings, transforming mundane objects into layered, abstract forms. The work reimagines spatial relationships through collaged textures and flattened planes, reflecting Cubist innovation in merging reality and artistic experimentation.",woman_with_a_guitar,1913
Synthetic_Cubism/gino-severini_still-life-1916.jpg,gino_severini,Synthetic_Cubism,still-life-1916,"Gino Severini's 1916 still-life embodies Synthetic Cubism through fragmented geometric planes and intersecting forms. The composition balances dynamic energy with structured abstraction, reconstructing objects via layered textures and contrasting hues. Metallic accents and angular lines evoke rhythm, reflecting his fusion of Futurist motion with Cubist spatial deconstruction.",still_life,1916
Synthetic_Cubism/gino-severini_the-accordion-player-1919.jpg,gino_severini,Synthetic_Cubism,the-accordion-player-1919,"Gino Severini's *The Accordion Player* (1919) exemplifies Synthetic Cubism through its geometric fragmentation and rhythmic interplay of shapes. Merging dynamic Futurist energy with Cubist structure, the work deconstructs the musician's form into overlapping planes and vibrant hues, evoking the accordion's lively melodies. Severini harmonizes mechanical precision with artistic abstraction, reflecting his transition from Futurism to a refined Cubist aesthetic.",the_accordion_player,1919
Synthetic_Cubism/jean-metzinger_femme-la-dentelle-1916.jpg,jean_metzinger,Synthetic_Cubism,femme-la-dentelle-1916,"Jean Metzinger's *Femme a la Dentelle* (1916) epitomizes Synthetic Cubism through its layered geometric planes and fragmented forms. The painting deconstructs a female figure amidst lace-like patterns, blending muted tones with dynamic angularity. Metzinger harmonizes abstraction and figuration, using overlapping facets to evoke depth and texture, while maintaining the genre's signature interplay of reality and artistic reinvention.",femme_la_dentelle,1916
Synthetic_Cubism/juan-gris_bottle-and-glass-1.jpg,juan_gris,Synthetic_Cubism,bottle-and-glass-1,"Juan Gris's *Bottle-and-Glass-1* exemplifies Synthetic Cubism through geometric abstraction and layered textures. Breaking the still life into interlocking planes, Gris combines muted tones with vibrant hues, integrating collage-like elements to challenge traditional perspective. His method transforms ordinary objects into structured harmonies, balancing analytical rigor with poetic ambiguity, a hallmark of his contribution to Cubism alongside Picasso and Braque.",bottle_and_glass_1,unknown
Synthetic_Cubism/juan-gris_bottle.jpg,juan_gris,Synthetic_Cubism,bottle,"Juan Gris, a pioneer of Synthetic Cubism, redefined still life through geometric fragmentation and layered textures. His 1914 work *Breakfast* exemplifies this style, where everyday objects like bottles are deconstructed into angular planes and reassembled with collaged elements. Gris's compositions balance structural rigor and poetic ambiguity, using muted tones and overlapping perspectives to transform mundane subjects into rhythmic, multidimensional harmonies.",bottle,unknown
Synthetic_Cubism/juan-gris_bowl-and-book-1927.jpg,juan_gris,Synthetic_Cubism,bowl-and-book-1927,"Juan Gris's *Bowl and Book* (1927) exemplifies Synthetic Cubism through its harmonious interplay of geometric abstraction and textured collage elements. The composition balances fragmented planes and overlapping forms, reimagining everyday objects with layered paper cutouts and muted yet contrasting tones. Gris, a pivotal figure in this movement, masterfully blends analytical precision with decorative innovation, transforming mundane subjects into structured, poetic visual dialogues. His refined approach to color and form reflects the mature phase of Cubism, where flatness and depth coexist dynamically.",bowl_and_book,1927
Synthetic_Cubism/juan-gris_breakfast-1915.jpg,juan_gris,Synthetic_Cubism,breakfast-1915,"Juan Gris's *Breakfast* (1915) exemplifies Synthetic Cubism through fragmented geometric forms and layered textures. Combining oil, gouache, and collage elements like printed paper, it reimagines everyday objects (coffee pot, newspaper) with precise, interlocking planes. Gris's analytical approach balances abstraction and representation, reflecting his mastery of synthesizing multiple perspectives into cohesive compositions. This work, housed at MoMA, underscores his pivotal role in advancing Cubism beyond its founders.",breakfast,1915
Synthetic_Cubism/juan-gris_compotier-carafe-and-open-book.jpg,juan_gris,Synthetic_Cubism,compotier-carafe-and-open-book,"Juan Gris' *Compotier, Carafe and Open Book* exemplifies Synthetic Cubism through its layered interplay of geometric abstraction and fragmented forms. The composition deconstructs everyday objects-a fruit bowl, glass carafe, and book-into overlapping planes of muted tones and sharp angles, while subtle textural contrasts evoke materiality. Gris balances structural rigor with poetic ambiguity, merging multiple perspectives into a unified yet dynamic surface. His analytical approach to color gradients and spatial tension redefines still life within Cubism's intellectual framework.",compotier_carafe_and_open_book,unknown
Synthetic_Cubism/juan-gris_fantomas-1915.jpg,juan_gris,Synthetic_Cubism,fantomas-1915,"Juan Gris' *Fantomas-1915* exemplifies Synthetic Cubism through fragmented, overlapping planes and textured surfaces. Integrating collage elements like newspaper clippings and faux wood grain, Gris subverted traditional perspective, creating a visual puzzle of reality and illusion. His layered compositions, often embedding classical motifs within abstract forms, challenged viewers to decipher interplays of space and material.",fantomas,1915
Synthetic_Cubism/juan-gris_guitar-on-a-table-1915.jpg,juan_gris,Synthetic_Cubism,guitar-on-a-table-1915,"Juan Gris's *Guitar on a Table* (1915) epitomizes Synthetic Cubism through geometric fragmentation and multi-perspective layering. The composition deconstructs the guitar into intersecting planes, blending muted tones with textured collaged elements. Gris harmonized analytical rigor and poetic abstraction, redefining spatial relationships by merging Renaissance depth with Cubist flatness. His innovative use of mixed media, like simulated woodgrain, bridges painting and reality while maintaining structural coherence. The work reflects his methodical synthesis of form and symbol, marking a pivotal evolution in Cubist visual language.",guitar_on_a_table,1915
Synthetic_Cubism/juan-gris_newspaper-with-coffee-mill-1915.jpg,juan_gris,Synthetic_Cubism,newspaper-with-coffee-mill-1915,"Juan Gris's *Newspaper with Coffee Mill* (1915) epitomizes Synthetic Cubism through its geometric precision and layered collage elements. This composition interweaves fragmented newspaper clippings with a stylized coffee grinder, merging mundane objects into a cohesive visual dialogue. Gris masterfully balances angular planes and muted tones, transforming everyday items into an architectural interplay of shapes. His methodical approach - constructing reality from abstract forms rather than deconstructing it - distinguishes this work as a hallmark of the Cubist movement's analytical phase.",newspaper_with_coffee_mill,1915
Synthetic_Cubism/juan-gris_photograph-of-violin-and-checkerboard-1913.jpg,juan_gris,Synthetic_Cubism,photograph-of-violin-and-checkerboard-1913,"Juan Gris's 1913 Synthetic Cubist work intricately assembles a violin and checkerboard through geometric fragmentation. Merging collage techniques with vibrant hues, he redefined spatial harmony by layering Renaissance-inspired structure with Cubist deconstruction. This composition exemplifies his analytical approach, transforming everyday objects into interlocking planes that challenge traditional perspective while maintaining visual balance.",photograph_of_violin_and_checkerboard,1913
Synthetic_Cubism/juan-gris_still-life-at-the-open-windowq-1925.jpg,juan_gris,Synthetic_Cubism,still-life-at-the-open-windowq-1925,"Juan Gris's ""Still Life at the Open Window"" (1925) exemplifies Synthetic Cubism through its geometric fragmentation and layered textures. Merging interior objects with fragmented outdoor vistas, the work balances analytical precision and poetic abstraction. Gris employed collage-inspired techniques to dissolve boundaries between foreground and background, while maintaining Renaissance-inspired spatial harmony. Vibrant yet restrained hues underscore his signature fusion of structural rigor and lyrical sensibility.",still_life_at_the_open_windowq,1925
Synthetic_Cubism/juan-gris_still-life-with-fruit-bowl-and-mandolin-1919.jpg,juan_gris,Synthetic_Cubism,still-life-with-fruit-bowl-and-mandolin-1919,"Juan Gris's *Still Life with Fruit Bowl and Mandolin* (1919) exemplifies Synthetic Cubism through its geometric reconstruction of everyday objects. Interlocking planes and fragmented forms merge the bowl, fruits, and mandolin into a cohesive yet abstract composition. Gris masterfully balances muted earth tones with vibrant accents, incorporating textural collage elements to challenge traditional perspective. This work reflects his analytical approach, merging Renaissance-inspired structure with Cubist deconstruction, solidifying his role as a pivotal figure in modern art's evolution.",still_life_with_fruit_bowl_and_mandolin,1919
Synthetic_Cubism/juan-gris_the-book-of-music-1922.jpg,juan_gris,Synthetic_Cubism,the-book-of-music-1922,"Juan Gris's *The Book of Music* (1922) epitomizes Synthetic Cubism through fragmented geometric planes and layered collage techniques. Integrating sheet music motifs with abstract forms, the work harmonizes analytical precision and rhythmic dynamism. Gris, a pioneer alongside Picasso and Braque, innovatively merged Renaissance spatial balance with Cubist deconstruction, redefining objects as interlocking structural compositions.",the_book_of_music,1922
Synthetic_Cubism/juan-gris_the-packet-of-coffee-1914.jpg,juan_gris,Synthetic_Cubism,the-packet-of-coffee-1914,"Juan Gris's *The Packet of Coffee* (1914) epitomizes Synthetic Cubism through its fragmented yet harmonious composition. Gris deconstructs the coffee packet into intersecting planes and geometric shapes, blending textural collage elements with muted tones and dynamic lines. The work reimagines an everyday object into a layered interplay of form and abstraction, reflecting Cubism's focus on multiple perspectives and material experimentation.",the_packet_of_coffee,1914
Synthetic_Cubism/juan-gris_the-packet-of-tobacco-1916.jpg,juan_gris,Synthetic_Cubism,the-packet-of-tobacco-1916,"Juan Gris's *The Packet of Tobacco* (1916) epitomizes **Synthetic Cubism** through geometric fragmentation and layered collage techniques. The Spanish artist deconstructs the mundane object into intersecting planes, blending muted tones with subtle textural contrasts. His analytical approach harmonizes abstract forms and tangible details, reflecting Cubism's intellectual rigor while redefining spatial composition.",the_packet_of_tobacco,1916
Synthetic_Cubism/juan-gris_the-violin-1914.jpg,juan_gris,Synthetic_Cubism,the-violin-1914,"Juan Gris's *The Violin* (1914) epitomizes **Synthetic Cubism** with its geometric fragmentation and layered planes. Gris deconstructed the violin into interlocking shapes, blending collage elements and muted tones to create rhythmic abstraction. His work harmonizes analytical precision with poetic ambiguity, reflecting the movement's shift toward reconstructing reality through simplified forms and textural contrasts.",the_violin,1914
Synthetic_Cubism/pablo-picasso_bottle-of-black-rum-vive-la-france-1913.jpg,pablo_picasso,Synthetic_Cubism,bottle-of-black-rum-vive-la-france-1913,"Pablo Picasso's ""Bottle of Black Rum, Vive la France"" (1913) exemplifies Synthetic Cubism through fragmented geometric planes and collaged textures. This work deconstructs a rum bottle into overlapping shapes, blending abstraction with subtle patriotic motifs. Bold contrasts of black, brown, and ochre evoke materiality, while flattened perspectives challenge traditional representation-a hallmark of Picasso's revolutionary approach.",bottle_of_black_rum_vive_la_france,1913
Synthetic_Cubism/pablo-picasso_bottle-of-vieux-marc-glass-and-newspaper-1913.jpg,pablo_picasso,Synthetic_Cubism,bottle-of-vieux-marc-glass-and-newspaper-1913,"Pablo Picasso's *Bottle of Vieux Marc, Glass and Newspaper* (1913) epitomizes Synthetic Cubism, a revolutionary movement he co-founded. This work combines fragmented geometric forms with collaged elements like newspaper clippings, merging reality and abstraction. By layering textures and flattening perspectives, Picasso deconstructed objects into overlapping planes, challenging traditional representation while maintaining symbolic references to everyday life. The bold interplay of shapes and materials reflects his shift from analytical to experimental, material-driven abstraction.",bottle_of_vieux_marc_glass_and_newspaper,1913
Synthetic_Cubism/pablo-picasso_clarinet-bottle-of-bass-newspaper-ace-of-clubs-1913.jpg,pablo_picasso,Synthetic_Cubism,clarinet-bottle-of-bass-newspaper-ace-of-clubs-1913,"Pablo Picasso's 1913 Synthetic Cubism work masterfully collages fragmented elements-clarinet, bottle, bass, newspaper, and playing cards (Ace of Clubs/Spades)-using mixed media to deconstruct and reconstruct reality. This layered composition exemplifies his revolutionary approach to merging abstract geometry with real-world textures, advancing Cubism's exploration of multidimensional perspectives.",clarinet_bottle_of_bass_newspaper_ace_of_clubs,1913
Synthetic_Cubism/pablo-picasso_cubist-person-1917.jpg,pablo_picasso,Synthetic_Cubism,cubist-person-1917,"**Pablo Picasso's 1917 synthetic cubist work** deconstructs the human form into interlocking geometric planes, blending fragmented perspectives with bold, flat colors. Characteristic of Synthetic Cubism, the piece employs simplified shapes and textured collage elements, merging reality and abstraction. By layering angular contours and dynamic patterns, Picasso reimagines dimensionality, emphasizing conceptual harmony over traditional representation-a hallmark of his revolutionary impact on 20th-century art.",cubist_person,1917
Synthetic_Cubism/pablo-picasso_glass-and-bottle-of-suze-1912.jpg,pablo_picasso,Synthetic_Cubism,glass-and-bottle-of-suze-1912,"Pablo Picasso's *Glass and Bottle of Suze* (1912) exemplifies Synthetic Cubism through fragmented geometric forms and layered textures. This collage integrates newspaper clippings and painted elements to deconstruct ordinary objects into intersecting planes, showcasing Picasso's revolutionary approach to redefining spatial relationships. The work transitions from analytical fragmentation to synthetic reconstruction, employing mixed media to challenge traditional representation.",glass_and_bottle_of_suze,1912
Synthetic_Cubism/pablo-picasso_guitar-1912.jpg,pablo_picasso,Synthetic_Cubism,guitar-1912,"**Pablo Picasso's *Guitar-1912*** A seminal work of **Synthetic Cubism**, this piece deconstructs a guitar into geometric planes and fragmented forms. Picasso innovates with layered textures and muted tones, blending collage elements to challenge traditional perspective. It epitomizes his shift toward abstraction and material experimentation in early 20th-century avant-garde art.",guitar,1912
Synthetic_Cubism/pablo-picasso_head-of-a-man-1.jpg,pablo_picasso,Synthetic_Cubism,head-of-a-man-1,"Pablo Picasso's *Head of a Man-1* epitomizes Synthetic Cubism, a revolutionary genre he co-founded. This work deconstructs the human form into intersecting geometric planes and fragmented shapes, merging abstracted facial features with flattened perspectives. Bold lines and a muted palette emphasize structural experimentation, reflecting Cubism's departure from traditional representation. The layered composition synthesizes multiple viewpoints, embodying the movement's analytical yet imaginative approach to redefining spatial depth.",head_of_a_man_1,unknown
Synthetic_Cubism/pablo-picasso_head-of-a-man-with-hat-1912.jpg,pablo_picasso,Synthetic_Cubism,head-of-a-man-with-hat-1912,"Pablo Picasso's *Head of a Man with Hat* (1912) exemplifies Synthetic Cubism, merging geometric abstraction with layered textures. Fragmented planes and angular contours dissect the figure, while muted tones and implied collage elements evoke depth through flattened surfaces. The hat, a recurring motif, anchors the composition, reflecting Picasso's innovative deconstruction of form and space into dynamic, interlocking facets.",head_of_a_man_with_hat,1912
Synthetic_Cubism/pablo-picasso_pipe-and-card-1914.jpg,pablo_picasso,Synthetic_Cubism,pipe-and-card-1914,"""Pipe and Card"" (1914) exemplifies Picasso's Synthetic Cubism, blending fragmented geometric planes with collaged elements like printed paper. The composition deconstructs a pipe and playing card into intersecting angular forms, dissolving traditional perspective through layered textures. Earthy tones contrast with bold black outlines, showcasing his transition from analytical fragmentation to synthetic reconstruction of reality.",pipe_and_card,1914
Synthetic_Cubism/pablo-picasso_portrait-of-young-girl-1914.jpg,pablo_picasso,Synthetic_Cubism,portrait-of-young-girl-1914,"Pablo Picasso's 1914 *Portrait of Young Girl* epitomizes Synthetic Cubism through its fragmented geometric planes and layered textures. The work deconstructs form into intersecting angles, blending muted tones with subtle collage elements to evoke multidimensionality. Picasso's innovative abstraction challenges traditional portraiture, emphasizing structure over naturalism while retaining an enigmatic emotional depth.",portrait_of_young_girl,1914
Synthetic_Cubism/pablo-picasso_the-guitar-1916.jpg,pablo_picasso,Synthetic_Cubism,the-guitar-1916,"Pablo Picasso's *The Guitar* (1916) exemplifies Synthetic Cubism through fragmented geometric planes and vibrant hues. This phase (1912-1914) redefined objects by assembling abstract, multi-perspective views into a cohesive composition. Here, overlapping shapes and simulated collage elements dissolve traditional form, emphasizing flatness over depth-a hallmark of Cubism's revolutionary approach. The work captures modernity's dynamism, bridging art and conceptual innovation.",the_guitar,1916
Synthetic_Cubism/georges-braque_guitar-and-sheet-music-1919.jpg,georges_braque,Synthetic_Cubism,guitar-and-sheet-music-1919,"Georges Braque's *Guitar and Sheet Music* (1919) epitomizes Synthetic Cubism through fragmented geometric forms and layered textures. Integrating collage elements like sheet music and simulated wood grain, Braque deconstructs the guitar into intersecting planes, merging reality and abstraction. The composition balances muted tones with dynamic overlaps, reflecting his innovative material experimentation.",guitar_and_sheet_music,1919
Synthetic_Cubism/georges-braque_violin-melodie-1914.jpg,georges_braque,Synthetic_Cubism,violin-melodie-1914,"Georges Braque's *Violin-Melodie* (1914) exemplifies Synthetic Cubism, blending fragmented violin motifs with dynamic geometric planes. Introducing collage elements like faux woodgrain and textured pigments, Braque reimagined reality through layered, multi-perspective abstraction. This work transitions from analytical deconstruction to harmonious synthesis, merging tactile materials with painted forms to redefine spatial relationships in modern art.",violin_melodie,1914
Synthetic_Cubism/juan-gris_bottle-and-glass.jpg,juan_gris,Synthetic_Cubism,bottle-and-glass,"Juan Gris's ""Bottle and Glass"" exemplifies Synthetic Cubism through fragmented geometric planes and layered textures. Integrating collage elements, it reimagines everyday objects with rhythmic abstraction. Gris harmonizes muted tones and dynamic angles, blending reality and artistic invention while emphasizing structural cohesion over literal representation.",bottle_and_glass,unknown
Synthetic_Cubism/juan-gris_bottle-glass-and-newspaper.jpg,juan_gris,Synthetic_Cubism,bottle-glass-and-newspaper,"Juan Gris's *Bottle, Glass and Newspaper* exemplifies Synthetic Cubism through fragmented geometric planes and collaged newspaper elements. The work deconstructs everyday objects into intersecting angles and layered textures, merging Renaissance spatial harmony with avant-garde abstraction. Gris's precise composition balances dynamic forms and muted tones, reflecting his analytical approach to redefining reality through multi-perspective synthesis.",bottle_glass_and_newspaper,unknown
Synthetic_Cubism/juan-gris_bowl-book-and-spoon.jpg,juan_gris,Synthetic_Cubism,bowl-book-and-spoon,"Juan Gris' ""Bowl, Book and Spoon"" exemplifies Synthetic Cubism through its geometric precision and layered collage elements. The composition deconstructs everyday objects into intersecting planes, harmonizing muted tones with subtle textures. Gris masterfully balances abstract fragmentation and recognizable forms, embedding the still life with rhythmic structure. His analytical approach transitions into synthesized unity, where overlapping shapes of the bowl, literature, and utensil evoke multidimensional spatial dialogue, characteristic of his mature phase bridging Renaissance order with avant - garde innovation.",bowl_book_and_spoon,unknown
Synthetic_Cubism/juan-gris_glass-and-bottle.jpg,juan_gris,Synthetic_Cubism,glass-and-bottle,"Juan Gris, a leading figure in Synthetic Cubism, transforms mundane objects like glass and bottle into geometric harmonies. His works, characterized by crisp lines and layered planes, interweave collage techniques with vibrant color contrasts. By deconstructing forms and reassembling fragmented perspectives, he achieves a dynamic balance between abstraction and tangible reality, exemplifying the intellectual rigor of Cubist innovation.",glass_and_bottle,unknown
Synthetic_Cubism/juan-gris_pipe-and-fruit-dish-with-grapes-1918.jpg,juan_gris,Synthetic_Cubism,pipe-and-fruit-dish-with-grapes-1918,"Juan Gris's *Pipe and Fruit Dish with Grapes* (1918) exemplifies Synthetic Cubism through geometric abstraction and vibrant color interplay. The fragmented composition deconstructs everyday objects-pipe, dish, grapes-into overlapping planes, merging collage-like textures with precise angular forms. Gris harmonizes analytical rigor and decorative richness, redefining spatial relationships while retaining symbolic resonance of mundane subjects.",pipe_and_fruit_dish_with_grapes,1918
Synthetic_Cubism/juan-gris_still-life-with-guitar-1920.jpg,juan_gris,Synthetic_Cubism,still-life-with-guitar-1920,"**Juan Gris' ""Still Life with Guitar"" (1920)** exemplifies Synthetic Cubism, blending fragmented geometric forms with layered textures. The composition deconstructs a guitar, glass, and sheet music into interlocking planes, merging collage elements and muted tones to create rhythmic harmony. Gris' analytical approach redefines space, balancing abstraction with subtle realism.",still_life_with_guitar,1920
Synthetic_Cubism/pablo-picasso_figure.jpg,pablo_picasso,Synthetic_Cubism,figure,"Pablo Picasso pioneered Synthetic Cubism (post-1912), characterized by fragmented geometric forms, vibrant colors, and mixed-media collage techniques. Breaking from traditional perspective, he reconstructed subjects like still lifes through layered, abstracted planes. Iconic works such as *Still Life with Chair Caning* (1912) exemplify this style, incorporating oil paint and real materials like rope to blur art and reality. His innovative approach redefined spatial composition, merging multiple viewpoints into cohesive, textured surfaces.",figure,unknown
Synthetic_Cubism/pablo-picasso_guitar-glass-and-bottle-of-vieux-marc-1912.jpg,pablo_picasso,Synthetic_Cubism,guitar-glass-and-bottle-of-vieux-marc-1912,"Pablo Picasso's *Guitar, Glass, and Bottle of Vieux Marc* (1912) exemplifies Synthetic Cubism, merging fragmented geometric planes with collaged elements to deconstruct and reimagine everyday objects. The guitar, glass, and bottle are abstracted into overlapping facets, yet retain recognizable forms through layered textures and tonal contrasts. This work reflects Picasso's shift toward reconstructing reality through mixed media, emphasizing structural interplay over traditional perspective.",guitar_glass_and_bottle_of_vieux_marc,1912
Synthetic_Cubism/pablo-picasso_guitar.jpg,pablo_picasso,Synthetic_Cubism,guitar,"Pablo Picasso's *Guitar* (1912) exemplifies Synthetic Cubism, merging fragmented geometric planes with collaged elements like paper and fabric to deconstruct and reassemble the instrument's essence. This work abandons traditional perspective, layering overlapping forms in muted tones contrasted by bold textures, reflecting Cubism's revolutionary approach to redefining spatial relationships through abstraction.",guitar,unknown
Pop_Art/aki-kuroda_cosmogarden-2011.jpg,aki_kuroda,Pop_Art,cosmogarden-2011,"**Aki Kuroda's ""Cosmogarden"" (2011)** merges Pop Art's vibrant energy with Abstract Expressionism's gestural intensity. This piece layers bold, dynamic brushstrokes and cosmic motifs, creating a surreal interplay of organic forms and geometric patterns. Kuroda's signature visual language invites viewers into a dreamlike universe, balancing chaos and harmony through vivid color contrasts and symbolic imagery.",cosmogarden,2011
Pop_Art/allan-darcangelo_mr-and-mrs-moby-dick.jpg,allan_darcangelo,Pop_Art,mr-and-mrs-moby-dick,"Allan D'Arcangelo's ""Mr. and Mrs. Moby Dick"" epitomizes Pop Art's bold visual language, reimagining literary iconography through a contemporary lens. The work juxtaposes crisp, graphic silhouettes of Herman Melville's characters with vibrant color blocks, critiquing consumerism and mass media's influence on cultural narratives. D'Arcangelo's signature highway-inspired linear motifs frame the composition, merging Americana symbolism with postmodern irony.",mr_and_mrs_moby_dick,unknown
Pop_Art/andy-warhol_frog.jpg,andy_warhol,Pop_Art,frog,"Andy Warhol (1928-1987), a seminal figure in Pop Art, redefined art by elevating everyday consumer culture into high art. His iconic works, such as *Campbell's Soup Cans* (1962) and *Marilyn Diptych* (1962), utilized silkscreen techniques to replicate mass-produced imagery, critiquing postwar consumerism and celebrity obsession. Through his New York studio ""The Factory,"" he blurred artistic and commercial boundaries, producing provocative films and multimedia works that cemented Pop Art's global influence.",frog,unknown
Pop_Art/andy-warhol_muhammad-ali.jpg,andy_warhol,Pop_Art,muhammad-ali,"Andy Warhol's 1978 *Muhammad Ali* exemplifies Pop Art through bold silkscreen repetition and vivid color contrasts. Capturing Ali's iconic clenched fist and piercing gaze, the work transforms the boxing legend into a symbol of celebrity culture and mass media obsession, mirroring Warhol's fascination with fame's intersection with identity.",muhammad_ali,unknown
Pop_Art/andy-warhol_skull.jpg,andy_warhol,Pop_Art,skull,"Andy Warhol's *Skull* series exemplifies Pop Art's fusion of mortality and consumerism. Using silkscreen repetition, he transformed the macabre motif into a vivid, mass-produced icon. Bold colors and stark contrasts juxtapose decay with commercial allure, critiquing society's desensitization to both death and mass media.  ",skull,unknown
Pop_Art/andy-warhol_sylvester-stallone-1980.jpg,andy_warhol,Pop_Art,sylvester-stallone-1980,"Andy Warhol, the iconic Pop Art pioneer, redefined 20th-century art through mass-produced imagery like *Campbell's Soup Cans* and celebrity portraits. His silk-screen technique transformed Sylvester Stallone's 1980s action-hero persona into a vibrant, repetitive motif, blending Hollywood glamour with consumer culture. Warhol's work challenged artistic elitism, elevating mundane or pop-culture subjects into high art.",sylvester_stallone,1980
Pop_Art/andy-warhol_truck-announcement-3.jpg,andy_warhol,Pop_Art,truck-announcement-3,"Andy Warhol (1928-1987), the leading figure of Pop Art, revolutionized modern art by merging commercial aesthetics with high culture. His iconic works, such as *Campbell's Soup Cans* (1962) and *Marilyn Diptych* (1962), employed silkscreen techniques to mass-produce repetitive imagery, critiquing consumerism and celebrity obsession. Warhol's studio, *The Factory*, became a hub for avant-garde creativity, bridging art, film (*Chelsea Girls*), and music while redefining artistic boundaries through bold experimentation.",truck_announcement_3,unknown
Pop_Art/billy-apple_i-dreamed-i-went-to-blazes-in-my-maidenform-bra-red-1965.jpg,billy_apple,Pop_Art,i-dreamed-i-went-to-blazes-in-my-maidenform-bra-red-1965,"Billy Apple's 1965 Pop Art poster *I Dreamed I Went to Blazes in My Maidenform Bra (Red)* critiques consumer culture through bold visual satire. Merging commercial aesthetics with provocative text, it reflects the movement's fascination with mass media and commodification. The work exemplifies Apple's subversive approach to redefining everyday imagery within high art.",i_dreamed_i_went_to_blazes_in_my_maidenform_bra_red,1965
Pop_Art/burhan-dogancay_face-with-chain-in-nyc-2009.jpg,burhan_dogancay,Pop_Art,face-with-chain-in-nyc-2009,"Burhan Dogancay's *Face with Chain in NYC* (2009) merges Pop Art's vivid urban iconography with his signature experimental collage techniques. The work layers fragmented photographs and graffiti-inspired textures to create a dynamic interplay between the human face and industrial chains, evoking themes of modernity and societal connection. Dogancay's art, rooted in global urban observation, transforms found materials into bold, narrative-driven compositions that challenge traditional artistic boundaries.",face_with_chain_in_nyc,2009
Pop_Art/burhan-dogancay_give-peace-a-chance-2009.jpg,burhan_dogancay,Pop_Art,give-peace-a-chance-2009,"Burhan Dogan?ay's *Give Peace a Chance (2009)* is a vibrant Pop Art-inspired acrylic and collage work. Merging urban graffiti elements with bold geometric patterns, the piece juxtaposes fragmented text and symbolic motifs to convey a universal plea for harmony. Dynamic layers of color and texture reflect Dogan?ay's signature exploration of societal themes, emphasizing hope amid chaos.",give_peace_a_chance,2009
Pop_Art/burhan-dogancay_new-york-face-2000.jpg,burhan_dogancay,Pop_Art,new-york-face-2000,"**""New-York-Face-2000""** by Turkish Pop Art pioneer Burhan Dogancay captures the dynamic essence of urban life through fragmented cityscapes and layered textures. Combining collage, gouache, and found materials, this work reflects his signature exploration of urban decay and renewal. Dogancay's global perspective, honed during diplomatic travels, merges photographic archives with street traces to create a bold visual narrative of 20th-century metropolises. The piece exemplifies his radical innovation in Pop Art, blending documentary rigor with raw, expressive energy.",new_york_face,2000
Pop_Art/burhan-dogancay_walls-v-6-1969.jpg,burhan_dogancay,Pop_Art,walls-v-6-1969,"Burhan Dogan?ay's *Walls V-6 (1969)* is a quintessential Pop Art work blending urban decay with vibrant cultural commentary. Layering torn posters, graffiti fragments, and abstract textures, it captures the dynamism of city walls as social archives. Dogan?ay's collage technique merges found materials and paint, reflecting postwar urban transitions and consumer culture's ephemerality-a hallmark of his globally exhibited ""Walls"" series.",walls_v_6,1969
Pop_Art/derek-boshier_pataphysics-weekly-from-the-magazine-series-2006.jpg,derek_boshier,Pop_Art,pataphysics-weekly-from-the-magazine-series-2006,"Derek Boshier's *Pataphysics Weekly (From the Magazine Series), 2006* epitomizes Pop Art's fusion of mass culture and avant-garde experimentation. This work recontextualizes fragmented magazine imagery through bold graphic contrasts and layered symbolism, reflecting Boshier's signature critique of consumerism and media saturation. As a key figure in the 1960s British Pop Art movement, his integration of absurdist ""pataphysics"" principles challenges conventional narratives, merging kitsch aesthetics with intellectual paradox.",pataphysics_weekly_from_the_magazine_series,2006
Pop_Art/edward-ruscha_conoco-shamrock-texas-from-five-views-from-the-panhandle-series.jpg,edward_ruscha,Pop_Art,conoco-shamrock-texas-from-five-views-from-the-panhandle-series,"Edward Ruscha's *Conoco - Shamrock - Texas* from the *Five Views from the Panhandle* series embodies his Pop Art fusion of text and imagery. This work juxtaposes corporate logos with stark Texas landscapes, critiquing commercial culture through minimalist aesthetics. Ruscha's conceptual approach redefines roadside iconography, blending typography and visual art to reflect American identity.",conoco_shamrock_texas_from_five_views_from_the_panhandle_series,unknown
Pop_Art/evelyne-axell_axell-ration-1965.jpg,evelyne_axell,Pop_Art,axell-ration-1965,"Evelyne Axell's ""Axell-Ration"" (1965) epitomizes Pop Art's bold aesthetics with vibrant colors and organic materials like Plexiglas, merging sensuality and feminist critique. Her dynamic female figures subvert traditional gender norms, reflecting 1960s hedonism and avant-garde experimentation. As a Belgian pioneer, Axell redefined eroticism in art through layered symbolism and playful materiality, challenging societal taboos while celebrating female agency.",axell_ration,1965
Pop_Art/evelyne-axell_cercle-vicieux-rouge-1968.jpg,evelyne_axell,Pop_Art,cercle-vicieux-rouge-1968,"Evelyne Axell's *Cercle Vicieux Rouge* (1968) epitomizes Pop Art's bold aesthetics with its vibrant red palette and dynamic interplay of geometric and organic forms. The work challenges societal norms through sensual, fragmented female imagery, utilizing plastic collage techniques to juxtapose glossy textures against raw, expressive outlines. Axell subverts traditional gender representations by merging consumerist visual language with feminist themes, reflecting 1960s countercultural discourse.",cercle_vicieux_rouge,1968
Pop_Art/gerard-fromanger_existe-1976.jpg,gerard_fromanger,Pop_Art,existe-1976,"Gerard Fromanger (b. 1939) is a leading French Pop Art pioneer renowned for his vibrant, photorealistic canvases that fuse urban photography with bold color fields. His 1970s series, including works like *Existe-1976*, critiques consumer culture through a cinematic lens, blending social commentary with innovative techniques. Collaborating with thinkers like Gilles Deleuze, Fromanger's art bridges philosophy and visual experimentation, redefining postwar European avant-garde.",existe,1976
Pop_Art/hiro-yamagata_centieme-anniversaire-1980.jpg,hiro_yamagata,Pop_Art,centieme-anniversaire-1980,"Hiro Yamagata's ""centieme-anniversaire-1980"" is a vibrant Pop Art masterpiece blending urban dynamism and celebratory motifs. Employing silkscreen techniques, the work showcases his signature interplay of light and bold color gradients. Rooted in 1980s aesthetics, it reflects Yamagata's fusion of technology and organic forms, embodying his global acclaim as a pioneering contemporary artist. (50 words)",centieme_anniversaire,1980
Pop_Art/lourdes-castro_sombra-projectada-de-christa-maar-1968.jpg,lourdes_castro,Pop_Art,sombra-projectada-de-christa-maar-1968,"Lourdes Castro's ""Sombra Projectada de Christa Maar"" (1968) exemplifies Pop Art's fusion of everyday imagery with innovative techniques. The work transforms a mundane object into a dynamic composition through projected shadows, blending bold graphic elements with subtle plays of light. Castro reinterprets Pop Art's consumer culture focus by exploring ephemeral perceptions, using silhouette and spatial distortion to challenge traditional representation. This piece reflects the 1960s experimental spirit, merging mechanical reproduction with handcrafted precision.",sombra_projectada_de_christa_maar,1968
Pop_Art/mario-schifano_coca-cola-tutto-1972.jpg,mario_schifano,Pop_Art,coca-cola-tutto-1972,"Mario Schifano's 1972 work ""Coca-Cola - Tutto"" epitomizes Italian Pop Art, blending vibrant consumer iconography with mixed media. The piece reimagines the Coca-Cola logo through bold colors and dynamic abstraction, critiquing mass culture while celebrating its visual power. Schifano, a leading figure in Rome's postwar avant-garde, merges painting and collage to reflect society's commodification of symbols.",coca_cola_tutto,1972
Pop_Art/marjorie-strider_nestle-s-box-1973.jpg,marjorie_strider,Pop_Art,nestle-s-box-1973,"Marjorie Strider's *Nestle-S-Box-1973* exemplifies Pop Art's fascination with consumer culture, blending bold graphic elements and three-dimensional illusions. The work reimagines Nestle's iconic packaging through vibrant colors and fragmented forms, subverting commercial imagery into a playful critique of mass production. Strider's signature tactile surfaces challenge traditional flatness, reflecting 1970s debates on art's role in a commodified world.",nestle_s_box,1973
Pop_Art/patrick-caulfield_coloured-still-life-1967.jpg,patrick_caulfield,Pop_Art,coloured-still-life-1967,"Patrick Caulfield's 1967 *Sweet Bowl* exemplifies his Pop Art-inspired still lifes. Bold black outlines frame vibrant, flat-colored forms, juxtaposing graphic simplicity with subtle depth. While rooted in European still-life traditions, the work's stark contrasts and stylized geometry reflect a modernist reinterpretation of everyday objects, challenging perceptions of realism through deliberate visual tension.",coloured_still_life,1967
Pop_Art/patrick-caulfield_lamp-and-pines-1975.jpg,patrick_caulfield,Pop_Art,lamp-and-pines-1975,"Patrick Caulfield's *Lamp-and-Pines-1975* epitomizes Pop Art's bold simplicity with graphic precision. The work juxtaposes a stark black lamp against flattened pine silhouettes, rendered in vivid, unmodulated hues. Caulfield strips the scene to essential forms, using sharp contours and matte textures to blur the line between mundane objects and artistic abstraction. His signature interplay of geometric clarity and subtle surrealism reflects Pop Art's embrace of everyday imagery while evoking a contemplative, almost enigmatic atmosphere.",lamp_and_pines,1975
Pop_Art/patrick-caulfield_second-glass-of-whisky-1992.jpg,patrick_caulfield,Pop_Art,second-glass-of-whisky-1992,"Patrick Caulfield's *Second Glass of Whisky* (1992) epitomizes British Pop Art with bold minimalism. The work features a starkly outlined whisky glass rendered in flat, contrasting hues of amber and black, distilling mundane domesticity into iconic geometry. Its deliberate simplicity amplifies the tension between representation and abstraction, characteristic of Caulfield's interrogation of postwar consumer culture.",second_glass_of_whisky,1992
Pop_Art/patrick-caulfield_three-sausages-1978.jpg,patrick_caulfield,Pop_Art,three-sausages-1978,"Patrick Caulfield's *Three Sausages* (1978) epitomizes Pop Art's celebration of mundane objects through bold minimalism. Rendered in stark black outlines against flat, vibrant hues, the sausages are stripped of texture yet elevated to iconic status. This work subverts traditional still - life conventions by isolating a kitschy domestic motif, amplifying its graphic simplicity with deadpan wit. Caulfield's signature style-sleek contours, unmodulated colors, and theatrical lighting-transforms triviality into a visual manifesto, mirroring Pop Art's obsession with mass culture's aesthetic potential.",three_sausages,1978
Pop_Art/patrick-procktor_sick-child-1984.jpg,patrick_procktor,Pop_Art,sick-child-1984,"Patrick Procktor's *Sick Child-1984* embodies Pop Art's bold aesthetic with vivid, contrasting hues and flattened forms. The work juxtaposes the innocence of childhood against an unsettling, feverish palette, evoking emotional tension through stylized, almost surreal composition. Its graphic simplicity and thematic duality reflect Procktor's mastery of blending personal narrative with contemporary visual language.",sick_child,1984
Pop_Art/peter-blake_self-portrait-with-badges-1961.jpg,peter_blake,Pop_Art,self-portrait-with-badges-1961,"Peter Blake's *Self-Portrait with Badges* (1961) epitomizes Pop Art's fusion of self-expression and pop culture. The mixed-media work features Blake wearing denim adorned with collectible badges, blending autobiography with mass-produced imagery. Collaged elements and bold colors reflect postwar consumerism, while the artist's youthful gaze captures 1960s British optimism. This iconic piece established Blake as a pioneer bridging fine art and popular aesthetics.",self_portrait_with_badges,1961
Pop_Art/peter-phillips_impeller-1972.jpg,peter_phillips,Pop_Art,impeller-1972,"""Impeller-1972"" by Peter Phillips exemplifies Pop Art's bold aesthetic with vibrant industrial motifs. This screenprint merges mechanical precision and dynamic composition, reflecting 1970s technological optimism. Its rotating blade motif, rendered in high-contrast colors, creates optical energy while critiquing mass production culture through meticulous geometric abstraction.",impeller,1972
Pop_Art/rene-bertholo_infografismo-e16-2001.jpg,rene_bertholo,Pop_Art,infografismo-e16-2001,"Rene Bertholo's *Infografismo-E16-2001* exemplifies Pop Art's vibrant fusion of mass culture and fine art. The work integrates bold graphic elements, geometric abstraction, and layered typography, reflecting a playful yet critical engagement with consumerist iconography. Its dynamic composition balances structured infographic-inspired layouts with spontaneous color bursts, embodying Bertholo's experimental approach to recontextualizing everyday visual language within a contemporary aesthetic framework.",infografismo_e16,2001
Pop_Art/richard-hamilton_desk-1964.jpg,richard_hamilton,Pop_Art,desk-1964,"Richard Hamilton's *Desk-1964* epitomizes Pop Art's fascination with consumer culture and everyday objects. This mixed-media work reimagines a mundane office desk through fragmented, collage-like elements, juxtaposing industrial design with subtle critiques of postwar materialism. Hamilton, a pioneer of Pop Art, employs sharp lines and commercial aesthetics to blur boundaries between functional objects and artistic commentary, reflecting his signature exploration of modernity's contradictions.",desk,1964
Pop_Art/robert-silvers_not-detected-275030.jpg,robert_silvers,Pop_Art,not-detected-275030,"Robert Silvers, a visionary Pop Artist, masterfully blends vibrant collage and digital techniques to reimagine iconic imagery. His works, characterized by bold colors and layered compositions, challenge perceptions of mass media and consumer culture. Drawing inspiration from everyday visuals, Silvers transforms mundane elements into striking, thought-provoking art that embodies the essence of Pop Art's fascination with popular iconography and technological innovation.",not_detected_275030,unknown
Pop_Art/rosalyn-drexler_this-is-my-wedding-1963.jpg,rosalyn_drexler,Pop_Art,this-is-my-wedding-1963,"Rosalyn Drexler's *This-Is-My-Wedding-1963* exemplifies Pop Art's bold engagement with mass culture. Using vibrant colors and collage techniques, the work deconstructs traditional wedding iconography-dresses, cakes, and ceremonies-into fragmented, provocative compositions. Drexler layers pop media aesthetics with ironic undertones, critiquing societal norms while celebrating the mundane. Her signature fusion of drama and satire reimagines matrimony as a theatrical, commercialized spectacle, reflecting 1960s America's evolving cultural landscape.",this_is_my_wedding,1963
Pop_Art/roy-lichtenstein_head-red-and-yellow-1962(1).jpg,roy_lichtenstein,Pop_Art,head-red-and-yellow-1962(1),"Roy Lichtenstein's *Head-Red-and-Yellow* (1962) epitomizes Pop Art's bold fusion of commercial aesthetics and fine art. Inspired by comic strips, the work features vivid primary colors, Ben-Day dots, and crisp outlines, reimagining mass media imagery with irony and graphic precision. As a cornerstone of his career, it reflects his role in elevating popular culture to high art, alongside contemporaries like Andy Warhol.  ",head_red_and_yellow_(1),1962
Pop_Art/tano-festa_albero.jpg,tano_festa,Pop_Art,albero,"Tano Festa, a pivotal figure in Italian Pop Art, reimagines ""albero"" through bold geometric forms and vibrant color contrasts. His works fuse everyday motifs with avant-garde minimalism, reflecting on nature's intersection with urban modernity. The ""albero"" series exemplifies his signature style-dynamic, structured, and visually arresting, encapsulating 1960s cultural dynamism.",albero,unknown
Pop_Art/tano-festa_elsinore.jpg,tano_festa,Pop_Art,elsinore,"Tano Festa's ""Elsinore"" epitomizes Pop Art's bold interplay of everyday objects and industrial aesthetics. This fragmented mirror installation reimagines domestic surfaces through geometric repetition and synthetic color blocks, blending mass-produced motifs with Baroque theatricality. Its shattered reflections critique consumer culture while merging high art with commercial design.",elsinore,unknown
Pop_Art/tano-festa_finestra-blu-1972.jpg,tano_festa,Pop_Art,finestra-blu-1972,"""Finestra-Blu-1972"" by Italian Pop Art pioneer Tano Festa embodies the movement's bold engagement with everyday objects. This monochromatic work transforms a window frame into a minimalist composition, using vivid cobalt blue to flatten perspective and amplify geometric simplicity. Festa's focus on mundane subjects, reimagined through stark color contrasts and reduced forms, reflects Pop Art's celebration of mass culture while retaining a meditative, almost surreal quality. The piece exemplifies his signature blend of industrial aesthetics and poetic abstraction.",finestra_blu,1972
Pop_Art/valerio-adami_spettacolo-all-aperto-1967.jpg,valerio_adami,Pop_Art,spettacolo-all-aperto-1967,"Valerio Adami's *Spettacolo-All-Aperto-1967* exemplifies Pop Art's fusion of bold aesthetics and mass culture. Featuring vivid, flat color planes and sharp contours, the work reimagines everyday scenes with a theatrical flair. Adami's graphic precision and fragmented compositions reflect Pop Art's embrace of commercial imagery while injecting surrealist undertones. The dynamic interplay of geometric forms and saturated hues captures the 1960s' cultural vibrancy, merging high art with urban spectacle.",spettacolo_all_aperto,1967
Pop_Art/walter-battiss_one-way-street.jpg,walter_battiss,Pop_Art,one-way-street,"Walter Battiss's *One-Way-Street* embodies Pop Art's vibrant energy through bold geometries and playful abstraction. Merging African rock art motifs with urban modernity, this work reflects Battiss's signature fusion of primitivism and pop aesthetics. The dynamic composition, saturated hues, and conceptual wit reimagine mundane realities into a visual paradox - celebrating mass culture while subverting its conventions through his invented ""Fook Island"" mythology.",one_way_street,unknown
Pop_Art/andy-warhol_self-portrait.jpg,andy_warhol,Pop_Art,self-portrait,"Andy Warhol, a pioneering Pop Art icon, crafted striking self-portraits through his signature silkscreen technique. These works feature vivid, contrasting hues and repetitive motifs, mirroring mass-production aesthetics central to Pop Art's commentary on consumer culture. His 1986 triptych captures fragmented identity with haunting, blurred imagery, blending celebrity persona with existential themes.",self_portrait,unknown
Pop_Art/billy-apple_untitled-diptych-2011.jpg,billy_apple,Pop_Art,untitled-diptych-2011,"Billy Apple's *Untitled-Diptych-2011* epitomizes Pop Art's fusion of consumer culture and artistic critique. This diptych employs vibrant colors and mechanical repetition, reflecting his conceptual focus on mass production and branding. Utilizing silkscreen techniques, it juxtaposes mundane objects with bold abstraction, embodying the movement's irony and challenge to art-life boundaries. Apple's transformation of commercial imagery into art underscores his radical redefinition of authorship and cultural commentary.",untitled_diptych,2011
Pop_Art/claes-oldenburg_kn-ckebr-d-1966.jpg,claes_oldenburg,Pop_Art,kn-ckebr-d-1966,"Claes Oldenburg's *kn-ckebr-d-1966* epitomizes Pop Art through its whimsical reimagining of mundane objects. This work features oversized, soft sculptures crafted from vinyl or canvas, blurring the line between everyday life and monumental art. Oldenburg's signature humor and critique of consumer culture are evident in the exaggerated forms and tactile textures, inviting viewers to reconsider the banal as iconic.",kn_ckebr_d,1966
Pop_Art/evelyne-axell_ice-cream-1964.jpg,evelyne_axell,Pop_Art,ice-cream-1964,"Evelyne Axell's *Ice Cream* (1964) is a striking Pop Art piece blending bold colors and erotic symbolism. The work features a sensuous, layered composition of a woman's lips adorned with melting ice cream, juxtaposing consumer culture with female liberation. Axell's use of glossy plastic paint and vibrant hues reflects her avant-garde approach to redefining femininity through playful yet provocative imagery.",ice_cream,1964
Pop_Art/gianfranco-baruchello_little-orfan-anphetamine-1974.jpg,gianfranco_baruchello,Pop_Art,little-orfan-anphetamine-1974,"Gianfranco Baruchello's *Little-Orfan-Amphetamine-1974* exemplifies Pop Art's fusion of cultural critique and visual experimentation. This work juxtaposes fragmented text, vibrant colors, and abstract forms, reflecting 1970s societal tensions. Blurring consumerism and existential themes, it challenges perception through layered symbolism, embodying Baruchello's avant-garde approach to redefining everyday imagery.",little_orfan_anphetamine,1974
Pop_Art/hiro-yamagata_not-detected-272412.jpg,hiro_yamagata,Pop_Art,not-detected-272412,"Hiro Yamagata (b.1948) is a Japanese Pop Art pioneer renowned for vibrant silkscreen works like ""Robbers"" (1984), blending urban landscapes with dynamic color contrasts. His innovative use of technology, including laser imaging and large-scale installations like the ""Earthly Paradise"" series, merges industrial aesthetics with natural themes. Notable projects include his award-winning 1996 Olympic posters, which capture movement through bold geometric patterns.",not_detected_272412,unknown
Pop_Art/martial-raysse_blue-france-1962.jpg,martial_raysse,Pop_Art,blue-france-1962,"**Martial Raysse's ""Blue-France-1962""** A seminal Pop Art work by French artist Martial Raysse, *Blue-France-1962* merges vibrant color fields with consumer culture motifs, reflecting postwar Europe's societal shifts. Known for experimental techniques, Raysse juxtaposes industrial aesthetics and national symbolism, encapsulating Pop Art's critique of modernity through bold, dynamic composition.",blue_france,1962
Pop_Art/r.-b.-kitaj_artists-for-peace.jpg,r._b._kitaj,Pop_Art,artists-for-peace,"R. B. Kitaj (1932-2007), a Pop Art innovator, blended fragmented imagery, surreal abstraction, and Jewish identity into bold collages. His works, layered with historical and literary references, critique societal norms while merging pop aesthetics with intellectual depth. Though associated with Pop Art, Kitaj defied categorization, weaving political commentary and personal mythology into visually striking, psychologically charged compositions.",artists_for_peace,unknown
Pop_Art/rene-bertholo_voyage-sur-l-intr-pide-1967.jpg,rene_bertholo,Pop_Art,voyage-sur-l-intr-pide-1967,"**Voyage sur l;Intrepide** (1967) by Portuguese artist Rene Bertholo blends Pop Art;s vibrant aesthetics with Conceptual Art;s intellectual depth. This figurative work employs bold colors and dynamic forms, integrating everyday motifs to critique consumer culture. Bertholo;s fusion of painting and sculptural elements reflects his experimental approach, emblematic of 1960s avant-garde movements.",voyage_sur_l_intr_pide,1967
Pop_Art/richard-hamilton_chiara-chair-2004.jpg,richard_hamilton,Pop_Art,chiara-chair-2004,"Richard Hamilton's *Chiara Chair* (2004) exemplifies Pop Art's fusion of consumer culture and design. Crafted with sleek, industrial materials, the chair reimagines everyday furniture as a commentary on mass production and commercial aesthetics. Its fragmented, geometric forms reflect Hamilton's signature use of collage-inspired abstraction, while the playful juxtaposition of functionality and art critiques postwar consumerism. The work embodies Pop Art's ethos: elevating mundane objects into provocative cultural symbols.",chiara_chair,2004
Pop_Art/robert-indiana_heliotherapy-love-1995.jpg,robert_indiana,Pop_Art,heliotherapy-love-1995,"""Heliotherapy-Love-1995"" by Robert Indiana exemplifies Pop Art's fusion of commercial aesthetics and emotional depth. Featuring his iconic stacked ""LOVE"" letters in bold hues, this work transforms everyday symbols into universal cultural emblems. Inspired by his 1964 design, it reflects Indiana's lifelong exploration of language and hope through dynamic color interplay, extending his legacy of blending public engagement with poetic simplicity.",heliotherapy_love,1995
Pop_Art/roy-lichtenstein_landscape-1964(1).jpg,roy_lichtenstein,Pop_Art,landscape-1964(1),"Roy Lichtenstein's *Landscape-1964* reimagines natural scenery through a Pop Art lens, blending bold outlines, Ben-Day dots, and vibrant industrial hues. The work transforms pastoral motifs into graphic, mechanical forms, critiquing mass media's influence on perception while celebrating postwar consumer culture's visual language.",landscape_(1),1964
Impressionism/abdullah-suriosubroto_indonesian-landscape-6.jpg,abdullah_suriosubroto,Impressionism,indonesian-landscape-6,"Abdullah Suriosubroto's Indonesian-landscape-6 captures the lush tropical scenery with a delicate Impressionist touch. Soft, dappled light filters through vibrant foliage, rendered in loose, expressive brushstrokes that evoke the fleeting atmosphere of Java's countryside. His palette harmonizes earthy greens and golden hues, celebrating Indonesia's natural splendor while maintaining the spontaneity characteristic of Impressionism. The composition balances organic forms and atmospheric depth, mirroring nature's transient beauty through textured layers of paint.",indonesian_landscape_6,unknown
Impressionism/amrita-sher-gil_self-portrait.jpg,amrita_sher_gil,Impressionism,self-portrait,"Amrita Sher-Gil's self-portrait exemplifies her fusion of European Impressionist techniques with Indian sensibilities. Bold, introspective brushstrokes capture her contemplative gaze, while warm earth tones reflect her cultural roots. The work blends post-impressionist color experimentation with subtle melancholy, revealing Sher-Gil's pioneering role in modern Indian art through its cross-cultural visual language.",self_portrait,unknown
Impressionism/antoine-blanchard_flower-market-madeleine-1.jpg,antoine_blanchard,Impressionism,flower-market-madeleine-1,"Antoine Blanchard (1910-1988), a French Impressionist painter, captures the lively charm of Paris in ""Flower-Market-Madeleine-1."" Known for his nostalgic urban scenes, this work depicts a bustling flower market with vibrant hues and dynamic brushstrokes, reflecting the city's romantic ambiance and daily vitality.",flower_market_madeleine_1,unknown
Impressionism/arkhip-kuindzhi_after-a-rain.jpg,arkhip_kuindzhi,Impressionism,after-a-rain,"Inspired by Arkhip Kuindzhi's mastery of light and atmosphere, this Impressionist-style work captures the ethereal beauty of a landscape after rain. Luminous skies blend with moist earth tones, where fleeting reflections shimmer on rain-soaked surfaces. Kuindzhi's signature chromatic intensity emerges through bold contrasts between darkened clouds and sunlit patches, evoking nature's transient harmony. The composition balances dramatic tonal shifts with delicate texture details, embodying Impressionism's focus on ephemeral moments.",after_a_rain,unknown
Impressionism/basuki-abdullah_flamboyant-in-the-village.jpg,basuki_abdullah,Impressionism,flamboyant-in-the-village,"**Basuki Abdullah's** *Flamboyant in the Village* masterfully blends **Impressionism** and **Realism**, capturing vibrant rural life with dynamic brushstrokes and luminous color contrasts. The scene depicts a bustling village adorned with vivid textiles and lively figures, rendered through loose, light-dappled techniques that evoke fleeting atmospheres. Yet, precise anatomical details and textured surfaces anchor the work in tangible reality. This interplay of ephemeral impressions and grounded realism reflects Abdullah's dual focus on sensory immediacy and cultural authenticity.",flamboyant_in_the_village,unknown
Impressionism/camille-pissarro_kneeling-woman.jpg,camille_pissarro,Impressionism,kneeling-woman,"Camille Pissarro, a pivotal figure of Impressionism, masterfully captures rural life through loose brushwork and luminous tones in *Kneeling Woman*. This work exemplifies his focus on ordinary laborers, blending naturalistic postures with vibrant light effects. As the only artist featured in all eight Impressionist exhibitions, Pissarro's transitional style bridges traditional themes and modern techniques, reflecting his enduring dedication to depicting authenticity amid evolving artistic movements.",kneeling_woman,unknown
Impressionism/eugene-boudin_quittebeuf-1893.jpg,eugene_boudin,Impressionism,quittebeuf-1893,"Eugene Boudin's *Quittebeuf* (1893) exemplifies his pioneering Impressionist style, capturing the luminous interplay of light and atmosphere along the Normandy coast. With loose, fluid brushstrokes, he renders the shimmering sky and tranquil waters, infusing the scene with transient natural effects. Known as the ""Father of Impressionism"", Boudin's plein-air approach and focus on fleeting moments profoundly influenced contemporaries like Monet. This work reflects his mastery in translating coastal serenity into vibrant, ephemeral harmony.",quittebeuf,1893
Impressionism/henry-herbert-la-thangue_crying-fish-in-spain.jpg,henry_herbert_la_thangue,Impressionism,crying-fish-in-spain,"Henry Herbert La Thangue's *Crying Fish in Spain* embodies Impressionist principles with its vibrant interplay of light and color. The painting captures a fleeting moment along a Spanish waterway, where shimmering reflections and loose brushstrokes evoke the transient beauty of nature. Rippling aquamarine tones blend with earthy hues, suggesting fish beneath the surface, while dappled sunlight enlivens the scene. La Thangue's plein-air approach accentuates atmospheric spontaneity, characteristic of the movement's focus on sensory immediacy over precise detail.",crying_fish_in_spain,unknown
Impressionism/ilya-repin_on-the-shore-of-the-gulf-of-finland-1903.jpg,ilya_repin,Impressionism,on-the-shore-of-the-gulf-of-finland-1903,"Ilya Repin's *On the Shore of the Gulf of Finland* (1903) exemplifies his mastery in blending realism with atmospheric impressionism. The painting captures the tranquil yet dynamic Baltic coast through loose brushstrokes and luminous natural light, reflecting Repin's lifelong fascination with Finland's landscapes. While rooted in his critical realist tradition, this work reveals subtle impressionist influences in its ephemeral treatment of sea and sky.",on_the_shore_of_the_gulf_of_finland,1903
Impressionism/irma-stern_arab-1939.jpg,irma_stern,Impressionism,arab-1939,"**Irma Stern's ""Arab-1939""** This 1939 work by South African artist Irma Stern merges Impressionism's vibrant light effects and loose brushwork with Realism's nuanced detail. Capturing Arab cultural motifs, the painting balances rich color contrasts and textured forms, evoking both fleeting atmosphere and grounded human expression. Stern's cross-cultural perspective bridges dynamic composition with ethnographic sensitivity, reflecting her signature fusion of European techniques and African themes.",arab,1939
Impressionism/james-mcneill-whistler_beach-scene.jpg,james_mcneill_whistler,Impressionism,beach-scene,"James McNeill Whistler's ""The Beach"" embodies Impressionist sensibilities with its soft, harmonious tones and fluid brushwork. The scene delicately captures the interplay of light and atmosphere along the shore, blending European techniques with subtle Japanese aesthetic influences. Whistler's focus on tonal harmony and ephemeral mood creates a tranquil yet evocative portrayal of the coastal landscape.",beach_scene,unknown
Impressionism/lucian-grigorescu_balcic.jpg,lucian_grigorescu,Impressionism,balcic,"Lucian Grigorescu's Balcic series embodies Impressionism through its delicate interplay of light and color, capturing the transient beauty of the coastal town. His loose brushwork and vibrant palette evoke the serene atmosphere of the seascape and architecture, emphasizing natural harmony over precise detail. The works reflect Impressionism's core focus on sensory immediacy and atmospheric depth.",balcic,unknown
Impressionism/marie-bracquemond_pierre-bracquemond-as-child-1878.jpg,marie_bracquemond,Impressionism,pierre-bracquemond-as-child-1878,"**Marie Bracquemond's *Pierre-Bracquemond as Child* (1878)** This delicate Impressionist portrait captures the innocence of childhood through soft, luminous brushstrokes and natural light. Marie Bracquemond, a key yet underrecognized figure of the movement, employs vibrant yet harmonious tones to depict her son in an intimate, fleeting moment. The work exemplifies Impressionism's focus on everyday subjects and the interplay of light and color, rejecting rigid academic conventions.",pierre_bracquemond_as_child,1878
Impressionism/mary-cassatt_in-the-garden.jpg,mary_cassatt,Impressionism,in-the-garden,"Mary Cassatt's ""In the Garden"" exemplifies Impressionism through its vibrant brushwork and luminous palette, capturing a serene moment of maternal intimacy amidst dappled sunlight. The composition balances natural spontaneity with delicate details, reflecting Cassatt's focus on women's domestic lives. Soft color transitions evoke the fleeting effects of light, characteristic of the movement's innovative approach to modern subjects.",in_the_garden,unknown
Impressionism/nutzi-acontz_the-sleep.jpg,nutzi_acontz,Impressionism,the-sleep,"Impressionism, originating in late 19th-century France, redefined art through its focus on transient natural light and atmospheric effects. Artists like Claude Monet pioneered loose, visible brushstrokes and vivid hues to capture everyday scenes, prioritizing sensory immediacy over rigid realism.",the_sleep,unknown
Impressionism/octav-angheluta_feti-a-cu-fundi-e-ro-ii.jpg,octav_angheluta,Impressionism,feti-a-cu-fundi-e-ro-ii,"Octav Angheluta's *Fetea cu Fundi-e-Ro-ii* embodies the essence of Impressionism through its delicate interplay of light and color. Soft, fragmented brushstrokes capture the fleeting atmosphere of a vibrant outdoor scene, where natural elements dissolve into shimmering reflections. The artist's focus on transient moments and sensory impressions is highlighted by layered hues that evoke depth and movement, characteristic of the genre's prioritization of visual sensation over rigid form.",feti_a_cu_fundi_e_ro_ii,unknown
Impressionism/odilon-redon_peyrlebade-1888.jpg,odilon_redon,Impressionism,peyrlebade-1888,"Odilon Redon's ""Peyrlebade-1888"" embodies his symbolic vision, diverging from Impressionism's fleeting light to explore enigmatic introspection. This work reflects his family's ancestral estate in Bordeaux, where limestone terrains and botanical motifs inspired his dreamlike aesthetic. Using vibrant, layered hues reminiscent of Impressionist techniques, Redon transforms the landscape into a metaphysical realm where nature merges with psychological depth. Mystical contours and chromatic contrasts evoke both organic growth and subconscious reverie, characteristic of his symbolist mastery.",peyrlebade,1888
Impressionism/paul-cezanne_orchard-in-pontoise-1877.jpg,paul_cezanne,Impressionism,orchard-in-pontoise-1877,"Paul Cezanne's *Orchard in Pontoise* (1877) exemplifies his transition from Impressionism to Post-Impressionism, blending fleeting light effects with structured brushstrokes. The painting captures an orchard's vitality through fragmented planes of color and geometric harmony, foreshadowing his later innovations in spatial composition. Cezanne's textured application of paint transforms the rural landscape into a dynamic interplay of form and atmosphere, bridging nineteenth-century traditions with modernist abstraction.",orchard_in_pontoise,1877
Impressionism/pericles-pantazis_summer-day-at-the-river.jpg,pericles_pantazis,Impressionism,summer-day-at-the-river,"**""Summer Day at the River""** by Pericles Pantazis captures the fleeting beauty of a sunlit riverside scene through loose, expressive brushstrokes and a vibrant palette. The painting blends naturalistic detail with Impressionist spontaneity, portraying shimmering water reflections and dappled light filtering through foliage. Pantazis' mastery of color harmony evokes the tranquil yet lively atmosphere of a leisurely summer afternoon, inviting viewers to immerse themselves in the sensory richness of the moment.",summer_day_at_the_river,unknown
Impressionism/periklis-vyzantios_hydra(1).jpg,periklis_vyzantios,Impressionism,hydra(1),"Periklis Vyzantios' *Hydra (1)* embodies the essence of Impressionism, capturing the Greek island's luminous seascape through vibrant, fragmented brushstrokes. Soft hues of azure and gold evoke sunlight dancing on water, while loosely defined forms mirror the transient beauty of nature. The work prioritizes atmospheric harmony over detail, reflecting Impressionism's focus on light and color. Vyzantios' mastery lies in balancing spontaneity with poetic serenity, inviting viewers to experience Hydra's ephemeral charm through an emotive, modern lens.",hydra(1),unknown
Impressionism/philip-wilson-steer_landscape-with-trees-in-yorkshire.jpg,philip_wilson_steer,Impressionism,landscape-with-trees-in-yorkshire,"Philip Wilson Steer's ""Landscape with Trees in Yorkshire"" exemplifies his Impressionist mastery, blending luminous atmosphere and vibrant color harmonies. As a key figure in British Impressionism, Steer synthesized French techniques with England's landscape tradition, evident in this work's delicate play of light through foliage. The painting captures Yorkshire's rural essence through loose, atmospheric brushwork, showcasing his transition from coastal scenes to countryside motifs while retaining Impressionist spontaneity.",landscape_with_trees_in_yorkshire,unknown
Impressionism/philip-wilson-steer_on-the-river-blackwater-maldon.jpg,philip_wilson_steer,Impressionism,on-the-river-blackwater-maldon,"Philip Wilson Steer's ""On the River Blackwater, Maldon"" exemplifies British Impressionism with its atmospheric riverscape. Capturing light and water reflections through loose brushstrokes and a soft, natural palette, the work evokes tranquil harmony between land and river. Steer's composition balances spontaneity with structured observation, characteristic of his transitional style bridging Impressionism and traditional landscape traditions.",on_the_river_blackwater_maldon,unknown
Impressionism/pierre-auguste-renoir_bather-with-long-hair.jpg,pierre_auguste_renoir,Impressionism,bather-with-long-hair,"Pierre-Auguste Renoir's ""Bather with Long Hair"" exemplifies Impressionist charm through its radiant palette and luminous brushstrokes. The painting depicts a golden-haired nude figure, her voluptuous curves rendered with soft, flowing lines that harmonize innocence and sensuality. Renoir masterfully blends warm skin tones with dappled light, capturing a moment of serene contemplation. The composition balances classical structure with spontaneous texture, reflecting his transition toward refined formalism while retaining signature Impressionist vitality. This work celebrates feminine beauty through tactile brushwork, embodying Renoir's belief that art should evoke joy.",bather_with_long_hair,unknown
Impressionism/pierre-auguste-renoir_bathers-on-the-banks-of-the-thone-in-avignon-1910.jpg,pierre_auguste_renoir,Impressionism,bathers-on-the-banks-of-the-thone-in-avignon-1910,"Pierre-Auguste Renoir's ""Bathers on the Banks of the Th?ne in Avignon"" (1910) exemplifies Impressionist vitality with its luminous play of light and loose brushstrokes. The scene captures women leisurely bathing by the Rh?ne River, showcasing Renoir's signature warmth in flesh tones and harmonious integration of figures into sun-dappled landscapes.",bathers_on_the_banks_of_the_thone_in_avignon,1910
Impressionism/robert-julian-onderdonk_view-of-city-rooftops-in-winter-1902.jpg,robert_julian_onderdonk,Impressionism,view-of-city-rooftops-in-winter-1902,"Robert Julian Onderdonk (1882-1922), a pioneer of Texas Impressionism, captures a serene winter cityscape in ""View of City Rooftops in Winter, 1902."" His delicate brushwork blends soft, muted tones with subtle light effects, evoking quiet urban tranquility. Though renowned for bluebonnet fields, this rare rooftop scene reflects his mastery of atmospheric harmony, merging fleeting moments with structural forms.",view_of_city_rooftops_in_winter,1902
Impressionism/samuel-mutzner_vedut-vene-ian.jpg,samuel_mutzner,Impressionism,vedut-vene-ian,"Samuel Mutzner's Impressionist veduta of Venice captures the city's luminous essence through vibrant, fragmented brushstrokes. His work masterfully blends atmospheric light reflections on water with the architectural grandeur of Venetian canals, using a harmonious interplay of cool blues and warm ochres. The dynamic yet soft-edged strokes evoke the ephemeral quality of light, while saturated whites highlight shimmering ripples. This small-scale composition embodies Impressionist plein-air spontaneity, distilling Venice's poetic charm into a symphony of color and movement.",vedut_vene_ian,unknown
Impressionism/sever-burada_child.jpg,sever_burada,Impressionism,child,"Capturing the fleeting innocence of childhood, Sever Burada's work embodies Impressionist ideals through luminous brushstrokes and atmospheric color harmony. The artist masterfully renders a child's spontaneous movement in dappled sunlight, dissolving rigid forms into vibrant chromatic vibrations. Burada's loose, visible strokes suggest ephemeral moments rather than detailed realism, characteristic of Impressionism's pursuit of sensory immediacy. The composition radiates with prismatic tones, transforming ordinary play into a study of light's transient effects on youthful energy.",child,unknown
Impressionism/sever-burada_winter-in-c-lm-valley.jpg,sever_burada,Impressionism,winter-in-c-lm-valley,"""Winter in ?al?m Valley"" by Sever Burada embodies the essence of Impressionism, capturing fleeting winter light through vibrant, textured brushstrokes. The scene depicts a serene valley blanketed in snow, where cool blues and soft lavenders blend with warm golden hues of distant sunlight. Burada's loose, expressive technique emphasizes atmospheric harmony over precise detail, evoking the transient beauty of nature. The play of shadows on undulating terrain and delicate frost-laden branches reflects Impressionism's focus on color dynamics and sensory experience.",winter_in_c_lm_valley,unknown
Impressionism/t.-c.-steele_albert-g-porter-governor-of-indiana-1885.jpg,t._c._steele,Impressionism,albert-g-porter-governor-of-indiana-1885,"T.C. Steele's *Albert G. Porter, Governor of Indiana, 1885* embodies the essence of Impressionism through its delicate interplay of light and color. The portrait captures fleeting atmospheric effects with loose, expressive brushstrokes, while soft contrasts highlight the subject's dignified presence. Steele's approach reflects Impressionism's focus on sensory immediacy over precise detail, merging portraiture with a vibrant, transient quality characteristic of the movement.",albert_g_porter_governor_of_indiana,1885
Impressionism/theodor-pallady_woman-in-interior-1948.jpg,theodor_pallady,Impressionism,woman-in-interior-1948,"""Woman in Interior, 1948"" by Theodor Pallady, a Romanian modernist influenced by his mentor Gustave Moreau, captures an intimate domestic scene with subtle Impressionist touches. Delicate brushwork evokes sunlight filtering through curtains, softly illuminating the contemplative female figure. Pallady's restrained palette harmonizes warm ochres and muted blues, blending emotional depth with observational precision, reflecting his transitional style between academic traditions and modern sensibilities.",woman_in_interior,1948
Impressionism/valentin-serov_iphigenia-in-tauris-1893.jpg,valentin_serov,Impressionism,iphigenia-in-tauris-1893,"Valentin Serov's *Iphigenia in Tauris* (1893) exemplifies Impressionist vitality through its luminous color palette and dynamic brushwork. Depicting the Greek myth's climactic scene, Serov captures fleeting light effects and atmospheric depth, blending classical themes with plein-air spontaneity. The work's textured surfaces and juxtaposed hues evoke emotional intensity, showcasing his mastery in translating theatrical narratives into vivid visual poetry.",iphigenia_in_tauris,1893
Impressionism/vanessa-bell_roofs.jpg,vanessa_bell,Impressionism,roofs,"Vanessa Bell's Impressionist-inspired work captures urban landscapes with a focus on architectural elements like rooftops. Her delicate brushstrokes and soft color palette evoke fleeting light effects, blending Post-Impressionist influences with Bloomsbury Group's avant-garde sensibilities. The interplay of geometric forms and atmospheric tones in her roof depictions reveals a unique synthesis of traditional Impressionism and modernist experimentation.",roofs,unknown
Impressionism/walter-battiss_landscape-with-houses.jpg,walter_battiss,Impressionism,landscape-with-houses,"Walter Battiss' ""Landscape with Houses"" exemplifies Impressionism through vibrant, loose brushstrokes capturing natural light and atmosphere. The composition harmoniously blends rural dwellings with their surroundings, using a warm-cool color contrast to evoke serene vitality. Battiss' dynamic textures convey the fleeting essence of the scene.",landscape_with_houses,unknown
Impressionism/walter-sickert_cafe-of-the-courts-dieppe.jpg,walter_sickert,Impressionism,cafe-of-the-courts-dieppe,"Walter Sickert's *Cafe of the Courts, Dieppe* embodies Impressionist spontaneity through loose brushstrokes and luminous color contrasts. The scene depicts a vibrant cafe interior bathed in natural light, capturing fleeting interactions with atmospheric depth. Sickert's focus on texture and shadow evokes the transient charm of 19th-century urban leisure.",cafe_of_the_courts_dieppe,unknown
Impressionism/walter-sickert_dieppe-study-no-2-facade-of-st-jacques.jpg,walter_sickert,Impressionism,dieppe-study-no-2-facade-of-st-jacques,"Walter Sickert's ""Dieppe - Study No. 2 - Facade of St. Jacques"" embodies Impressionism's focus on light and atmospheric texture. The painting captures the church's weathered stone facade with loose, expressive brushstrokes, blending muted grays and ochres to evoke the coastal town's shifting light. Sickert's dynamic composition balances architectural detail with fleeting tonal contrasts, reflecting his transitional role between Impressionism and modernist experimentation.",dieppe_study_no_2_facade_of_st_jacques,unknown
Impressionism/william-james-glackens_flowers-against-a-palm-leaf-pettern.jpg,william_james_glackens,Impressionism,flowers-against-a-palm-leaf-pettern,"**""Flowers Against a Palm Leaf Pattern""** by American realist painter William James Glackens (1870-1938) showcases his late-career shift toward Impressionism. This vibrant composition features a lively floral arrangement juxtaposed with tropical palm motifs, rendered in a luminous palette and fluid brushwork. Blending observational precision with post-impressionist spontaneity, it reflects Glackens' evolving style influenced by European modernism.",flowers_against_a_palm_leaf_pettern,unknown
Impressionism/winston-churchill_marlborough-tapestries-at-blenheim(1).jpg,winston_churchill,Impressionism,marlborough-tapestries-at-blenheim(1),"This Impressionist-inspired artwork captures the grandeur of the Marlborough Tapestries at Blenheim Palace, Winston Churchill's birthplace. Vibrant brushstrokes depict the silk tapestries' intricate battle scenes, celebrating the 1st Duke of Marlborough's military triumphs. The composition balances historical grandeur with atmospheric light effects, echoing the Baroque architecture's play of shadows across woven narratives.",marlborough_tapestries_at_blenheim(1),unknown
Impressionism/carl-larsson_garden-in-grez-1883(1).jpg,carl_larsson,Impressionism,garden-in-grez-1883(1),"Carl Larsson's *Garden in Grez* (1883) exemplifies Impressionism through its luminous interplay of light and color. Capturing a serene Nordic garden scene, Larsson employs loose brushstrokes to depict dappled sunlight filtering through foliage, harmonizing natural detail with atmospheric spontaneity. The composition balances structured floral arrangements with the ephemeral quality of outdoor light.",garden_in_grez_(1),1883
Impressionism/claude-monet_clifftop-walk-at-pourville.jpg,claude_monet,Impressionism,clifftop-walk-at-pourville,"Claude Monet's *Clifftop Walk at Pourville* (1882) exemplifies Impressionism through its fleeting capture of coastal atmosphere. The painting depicts two figures strolling along a windswept cliff overlooking the stormy sea at Pourville, Normandy. Monet's signature fragmented brushstrokes dissolve precise details into shimmering light effects, with foamy waves rendered in quick, rhythmic daubs of white and blue. The composition balances nature's dynamism with transitory human presence, embodying Impressionism's focus on ephemeral moments. Soft lavender and gold tones evoke dawn's transient glow, while the tilted perspective immerses viewers in the seaside experience.",clifftop_walk_at_pourville,unknown
Impressionism/ivan-grohar_kapelica-1907.jpg,ivan_grohar,Impressionism,kapelica-1907,"Ivan Grohar's 1907 masterpiece *Kapelica* exemplifies Slovenian Impressionism through its emotive brushwork and luminous rural vignette. The painting captures a humble chapel nestled in rolling hills, rendered with textured, gestural strokes that animate the interplay of light and shadow. Grohar's poetic synthesis of folk motifs and post-impressionist spontaneity elevates this pastoral scene into a timeless meditation on spirituality and nature's quiet grandeur.",kapelica,1907
Impressionism/max-slevogt_magic-flute-scene.jpg,max_slevogt,Impressionism,magic-flute-scene,"Max Slevogt's ""Magic Flute Scene"" epitomizes Impressionist vitality with its luminous color palette and dynamic brushstrokes. This artwork captures a theatrical moment from Mozart's opera, blending ethereal light effects and gestural figures to evoke the enchantment of the stage. Slevogt's mastery of atmospheric depth and expressive movement reflects his fusion of German Naive Art sensibilities and French Impressionist techniques.",magic_flute_scene,unknown
Impressionism/othon-friesz_dufy-in-the-studio-1900.jpg,othon_friesz,Impressionism,dufy-in-the-studio-1900,"Othon Friesz's ""Dufy in the Studio, 1900"" exemplifies Impressionism with its vibrant interplay of light and color. The painting captures the artist's workspace through loose, dynamic brushstrokes, emphasizing atmosphere over detail. Soft daylight filters across the canvas, harmonizing warm tones and textured surfaces to evoke creative spontaneity.",dufy_in_the_studio,1900
Impressionism/raoul-dufy_self-portrait-1899.jpg,raoul_dufy,Impressionism,self-portrait-1899,"Raoul Dufy's 1899 self-portrait exemplifies early Impressionist exploration with loose brushstrokes and a focus on transient light effects. While later associated with Fauvism, this work reveals his initial alignment with Impressionism's emphasis on color vibrancy and atmospheric depiction over precise detail. The composition captures subtle facial expressions through fragmented, luminous hues characteristic of the movement.",self_portrait,1899
Impressionism/raoul-dufy_the-port-of-martigues.jpg,raoul_dufy,Impressionism,the-port-of-martigues,"Raoul Dufy's *The Port of Martigues* exemplifies his dynamic interpretation of coastal life through vibrant brushwork and luminous colors. While Dufy is often associated with Fauvism, this work reflects an Impressionist-inspired sensitivity to light and atmosphere. The composition captures the bustling harbor with simplified forms and rhythmic lines, where boats and rippling water merge into a harmonious visual melody. Dufy's signature ""color-light theory"" is evident in the interplay of hues, creating an energetic yet balanced depiction of maritime vitality. The painting (54 x 65 cm, oil on canvas) remains a testament to his ability to infuse landscapes with joy and decorative elegance.",the_port_of_martigues,unknown
Impressionism/thomas-eakins_compositional-study-for-william-rush-carving-his-allegorical-figure-of-the-schuylkill-river.jpg,thomas_eakins,Impressionism,compositional-study-for-william-rush-carving-his-allegorical-figure-of-the-schuylkill-river,"Thomas Eakins' *Compositional Study for William Rush Carving His Allegorical Figure of the Schuylkill River* demonstrates his meticulous realism through anatomical precision and dynamic spatial arrangement. Though primarily a Realist, this preparatory sketch reveals his academic mastery of human form and narrative tension. The work explores the creative process of sculptor William Rush, capturing interplay between artist, model, and emerging artwork. Eakins' nuanced charcoal rendering emphasizes volumetric structure over Impressionist light effects, reflecting his commitment to objective observation.",compositional_study_for_william_rush_carving_his_allegorical_figure_of_the_schuylkill_river,unknown
Impressionism/victor-borisov-musatov_in-the-park.jpg,victor_borisov_musatov,Impressionism,in-the-park,"Victor Borisov-Musatov (1870-1905), a Russian painter renowned for blending Symbolism with Post-Impressionist techniques, captures a serene moment in ""In the Park."" Delicate brushstrokes and soft pastel hues evoke a dreamlike atmosphere, where dappled sunlight filters through foliage to illuminate figures in leisurely repose. The composition harmonizes decorative elegance with poetic introspection, reflecting his signature style of transcending reality through ethereal landscapes.",in_the_park,unknown
Impressionism/victor-borisov-musatov_portrait-of-nadezhda-staniukovich-1903.jpg,victor_borisov_musatov,Impressionism,portrait-of-nadezhda-staniukovich-1903,"Victor Borisov-Musatov's *Portrait of Nadezhda Staniukovich* (1903) exemplifies Impressionism through its delicate interplay of light and color. The painting captures Nadezhda's serene demeanor with soft, fluid brushstrokes, blending realism and atmospheric abstraction. Musatov's ethereal palette evokes a dreamlike quality, reflecting both the subject's inner grace and the transient beauty of the moment. This work harmonizes intimate portraiture with impressionistic techniques, showcasing his mastery in capturing ephemeral emotions.",portrait_of_nadezhda_staniukovich,1903
Impressionism/walter-sickert_young-belgium-women.jpg,walter_sickert,Impressionism,young-belgium-women,"Walter Sickert (1860-1942), a British Impressionist, blended urban realism with atmospheric tones. His works often depicted ordinary life, as seen in *Young Belgium Women*, capturing introspective moments through muted palettes and loose brushwork. Influenced by Degas, he transitioned from Impressionism to modernism, favoring theatrical scenes and working-class subjects.",young_belgium_women,unknown
Impressionism/willard-metcalf_the-winter-s-festival.jpg,willard_metcalf,Impressionism,the-winter-s-festival,"Willard Metcalf's *The Winter's Festival* exemplifies Impressionism through its delicate interplay of light and atmosphere. Capturing a serene winter scene, the painting uses loose, vibrant brushstrokes to evoke the transient glow of snow under soft daylight. Metcalf's mastery lies in blending naturalistic detail with poetic abstraction, embodying Impressionism's focus on sensory immediacy. The composition balances seasonal festivity with quiet harmony, reflecting the genre's emphasis on color and fleeting moments.",the_winter_s_festival,unknown
Impressionism/william-merritt-chase_a-lady-in-brown.jpg,william_merritt_chase,Impressionism,a-lady-in-brown,"**William Merritt Chase's Impressionist work *A Lady in Brown* elegantly captures the subtle interplay of light and color, a hallmark of his later style. The subject, adorned in richly textured brown attire, is rendered with loose, vibrant brushstrokes that evoke both depth and spontaneity. Chase's mastery in portraiture shines through the delicate balance of realism and atmospheric effect, reflecting his adaptation of European Impressionist techniques to American sensibilities.**",a_lady_in_brown,unknown